<?xml version="1.0" encoding="UTF-8"?>
<beans xmlns="http://www.springframework.org/schema/beans" xmlns:context="http://www.springframework.org/schema/context"
  xmlns:xsi="http://www.w3.org/2001/XMLSchema-instance" xmlns:tx="http://www.springframework.org/schema/tx"
  xmlns:aop="http://www.springframework.org/schema/aop"
  xsi:schemaLocation="
    http://www.springframework.org/schema/beans http://www.springframework.org/schema/beans/spring-beans-3.0.xsd
    http://www.springframework.org/schema/context http://www.springframework.org/schema/context/spring-context-3.0.xsd
    http://www.springframework.org/schema/tx http://www.springframework.org/schema/tx/spring-tx-3.0.xsd
    http://www.springframework.org/schema/aop http://www.springframework.org/schema/aop/spring-aop-3.0.xsd">

  <!-- システム初期化サービス -->
  <bean id="systemInitializeService" class="com.melip.webservices.service.initialize.SystemInitializeService"
    scope="prototype" lazy-init="true" />

  <!-- 基底データサービス -->
  <bean id="abstractDataService" class="com.melip.webservices.service.common.AbstractDataService"
    scope="prototype" lazy-init="true">
    <property name="dao" ref="dao" />
  </bean>

  <!-- #################### 通常サービス #################### -->

  <!-- 地域サービス -->
  <bean id="regionService" class="com.melip.webservices.service.region.RegionService" scope="prototype"
    lazy-init="true" parent="abstractDataService">
    <property name="selectRegionSqlId" value="com.melip.webservices.mapper.Region.selectRegion" />
  </bean>

  <!-- 施設サービス -->
  <bean id="facilityService" class="com.melip.webservices.service.facility.FacilityService"
    scope="prototype" lazy-init="true" parent="abstractDataService">
    <property name="selectFacilitySqlId" value="com.melip.webservices.mapper.Facility.selectFacility" />
  </bean>

  <!-- #################### レイアウトサービス #################### -->

  <!-- レイアウトサービス -->
  <bean id="layoutService" class="com.melip.webservices.service.layout.LayoutService" scope="prototype"
    lazy-init="true" parent="abstractDataService">
    <property name="selectLayoutScreenSqlId" value="com.melip.webservices.mapper.Layout.selectLayoutScreen" />
  </bean>

</beans>
