<?xml version="1.0" encoding="UTF-8" ?>
<!DOCTYPE mapper PUBLIC "-//mybatis.org//DTD Mapper 3.0//EN" "http://mybatis.org/dtd/mybatis-3-mapper.dtd">

<!-- 施設サービス用 -->
<mapper namespace="com.melip.webservices.mapper.Facility">

  <!-- 施設DTO用resultMap -->
  <resultMap id="facilityDtoResultMap" type="com.melip.webservices.dto.facility.FacilityDto">
    <id property="facilityId" column="facilityId" />
    <collection property="attrDtoList" ofType="com.melip.common.dto.common.AttrDto">
      <id property="attrGrpId" column="attrGrpId" />
      <result property="regionId" column="regionId" />
      <result property="facilityId" column="facilityId" />
      <result property="attrGrpType" column="attrGrpType" />
      <result property="attrGrpNm" column="attrGrpNm" />
      <result property="attrVal" column="attrVal" />
      <result property="attrCdVal" column="attrCdVal" />
    </collection>
  </resultMap>

  <!-- ステータスの条件 -->
  <sql id="stsCondition">
    in
    <foreach collection="stsArray" item="item" open="(" separator="," close=")">
      #{item}
    </foreach>
  </sql>

  <!-- 言語区分の条件 -->
  <sql id="langDivCondition">
    in
    <foreach collection="langDivArray" item="item" open="(" separator="," close=")">
      #{item}
    </foreach>
  </sql>
  
  <!-- 施設情報取得 -->
  <select id="selectFacility" resultMap="facilityDtoResultMap" parameterType="CONDITION"
    useCache="false">

    select
        a.FACILITY_ID          as facilityId
      , a.FACILITY_ATTR_GRP_ID as attrGrpId
      , a.REGION_ID            as regionId
      , a.TYPE                 as attrGrpType
      , a.NM                   as attrGrpNm
      , case 
        when cd1.CD_NM is null 
        then a.val 
        else cd1.CD_NM 
        end                    as attrVal
      , case 
        when cd1.cd_nm is null 
        then null 
        else a.VAL 
        end                    as attrCdVal 
    from
      ( 
        select
            f.FACILITY_ID
          , f.REGION_ID
          , fag.FACILITY_ATTR_GRP_ID
          , fagl.NM
          , favl.VAL
          , fag.TYPE
          , fag.CD_GRP_ID 
        from
          m_facility f 
          inner join m_facility_attr_val fav 
            on f.FACILITY_ID = fav.FACILITY_ID 
            and fav.STS <include refid="stsCondition"/>
          inner join m_facility_attr_val_lang favl 
            on fav.FACILITY_ATTR_VAL_ID = favl.FACILITY_ATTR_VAL_ID 
            and favl.LANG_DIV <include refid="langDivCondition"/> 
            and favl.STS <include refid="stsCondition"/>  
          inner join m_facility_attr_grp fag 
            on fav.FACILITY_ATTR_GRP_ID = fag.FACILITY_ATTR_GRP_ID 
            and fag.STS <include refid="stsCondition"/>  
            <if test="v.facilityAttrGrpId != null"> 
              and fag.FACILITY_ATTR_GRP_ID = #{v.facilityAttrGrpId}
            </if>
          inner join m_facility_attr_grp_lang fagl 
            on fag.FACILITY_ATTR_GRP_ID = fagl.FACILITY_ATTR_GRP_ID 
            and fagl.LANG_DIV <include refid="langDivCondition"/> 
            and fagl.STS <include refid="stsCondition"/>  
        where
          f.STS <include refid="stsCondition"/>
          <if test="v.regionId != null"> 
            and f.REGION_ID = #{v.regionId}
          </if>
          <if test="v.facilityId != null"> 
            and f.FACILITY_ID = #{v.facilityId}
          </if>
      ) a 
      left outer join v_cd cd1 
        on a.CD_GRP_ID = cd1.CD_GRP_ID 
        and a.VAL = cd1.CD 
        and cd1.LANG_DIV <include refid="langDivCondition"/> 
    order by
      a.FACILITY_ID
      , a.FACILITY_ATTR_GRP_ID

  </select>

</mapper>